{
  "model_name": "RandomForest",
  "model_type": "RandomForestClassifier",
  "training_date": "2026-04-06T23:55:06.683329",
  "validation_results": {
    "accuracy": 0.5926392387349566,
    "balanced_accuracy": 0.4305978952567884,
    "f1_weighted": 0.6380002363813058,
    "precision_weighted": 0.7863198379612671,
    "recall_weighted": 0.5926392387349566
  },
  "test_results": {
    "accuracy": 0.5902220563537973,
    "balanced_accuracy": 0.48872931964340777,
    "f1_weighted": 0.6352726059461952,
    "precision_weighted": 0.7899031348490655,
    "recall_weighted": 0.5902220563537973
  },
  "features": [
    "case_type",
    "jurisdiction_country",
    "jurisdiction_state",
    "year",
    "damages_awarded",
    "legal_representation",
    "number_of_parties"
  ],
  "target_classes": [
    "Accepted",
    "Acquitted",
    "Convicted",
    "Other",
    "Rejected",
    "Settlement",
    "Unknown"
  ],
  "n_training_samples": 53587,
  "n_validation_samples": 7146,
  "n_test_samples": 10718
}